twitter,,name,,Folowers,verified,number of photes,Number of Posts
katyperry,,KATY PERRY,,179901,TRUE,447,313
justinbieber,,Justin Bieber,,106925,TRUE,386,758
taylorswift13,,Taylor Swift,,101939,TRUE,849,528
rihanna,,Rihanna,,167960,TRUE,490,144
ladygaga,,The Countess,,108387,TRUE,555,588
jtimberlake,,Justin Timberlake,,101721,TRUE,569,716
TheEllenShow,,Ellen DeGeneres,,104822,TRUE,583,785
britneyspears,,Britney Spears,,103659,TRUE,342,374
Cristiano,,Cristiano Ronaldo,,105061,TRUE,513,609
KimKardashian,,Kim Kardashian West,,106071,TRUE,279,685
katyperry,,KATY PERRY,,102865,TRUE,366,692
justinbieber,,Justin Bieber,,108346,TRUE,803,515
taylorswift13,,Taylor Swift,,100631,TRUE,169,698
rihanna,,Rihanna,,106936,TRUE,642,353
ladygaga,,The Countess,,102551,TRUE,142,473
jtimberlake,,Justin Timberlake,,105059,TRUE,913,705
TheEllenShow,,Ellen DeGeneres,,100143,TRUE,358,800
britneyspears,,Britney Spears,,100059,TRUE,803,509
Cristiano,,Cristiano Ronaldo,,108983,TRUE,845,531
KimKardashian,,Kim Kardashian West,,101690,TRUE,145,369
shakira,,Shakira,,104812,TRUE,169,333
selenagomez,,Selena Gomez,,108419,TRUE,896,115
JLo,,Jennifer Lopez,,107049,TRUE,934,648
ArianaGrande,,Ariana Grande,,102766,TRUE,746,10
ddlovato,,Demi Lovato,,108903,TRUE,821,543
jimmyfallon,,jimmy fallon,,106553,TRUE,696,151
Oprah,,Oprah Winfrey,,106150,TRUE,152,735
Pink,,P!nk,,101870,TRUE,919,515
Drake,,Drizzy,,104125,TRUE,647,697
Harry_Styles,,Harry Styles.,,104879,TRUE,379,306
onedirection,,One Direction,,100665,TRUE,141,872
BillGates,,Bill Gates,,103352,TRUE,607,178
KingJames,,LeBron James,,106743,TRUE,257,237
LilTunechi,,Lil Wayne WEEZY F,,108452,TRUE,845,263
BrunoMars,,Bruno Mars,,106654,TRUE,825,363
KAKA,,Kaka,,108900,TRUE,735,51
Adele,,Adele,,100585,TRUE,980,179
NiallOfficial,,Niall Horan,,105745,TRUE,785,486
MileyCyrus,,Miley Ray Cyrus,,104957,TRUE,590,163
aliciakeys,,Alicia Keys,,101544,TRUE,966,334
KevinHart4real,,Kevin Hart,,103991,TRUE,250,514
wizkhalifa,,Cameron,,106597,TRUE,421,672
pitbull,,Pitbull,,104005,TRUE,997,238
Real_Liam_Payne,,Liam,,108832,TRUE,650,202
Louis_Tomlinson,,Louis Tomlinson,,103866,TRUE,484,789
NICKIMINAJ,,NICKI MINAJ,,102630,TRUE,258,396
neymarjr,,Neymar Jr,,104228,TRUE,431,553
Eminem,,Marshall Mathers,,107040,TRUE,510,635
EmWatson,,Emma Watson,,104260,TRUE,627,789
AvrilLavigne,,Avril Lavigne,,106115,TRUE,260,663
ActuallyNPH,,Neil Patrick Harris,,108765,TRUE,165,210
danieltosh,,daniel tosh,,104674,TRUE,777,417
davidguetta,,David Guetta,,102933,TRUE,343,778
ConanOBrien,,Conan O'Brien,,107177,TRUE,279,492
SrBachchan,,Amitabh Bachchan,,107126,TRUE,560,389
aplusk,,ashton kutcher,,108079,TRUE,411,841
khloekardashian,,Khloé,,102656,TRUE,842,468
kourtneykardash,,Kourtney Kardashian,,103862,TRUE,305,873
zaynmalik,,zayn,,102783,TRUE,447,399
iamsrk,,Shah Rukh Khan,,105842,TRUE,542,79
coldplay,,Coldplay,,103325,TRUE,831,607
MariahCarey,,Mariah Carey,,105485,TRUE,787,424
edsheeran,,Ed Sheeran,,100750,TRUE,847,138
xtina,,Christina Aguilera,,102324,TRUE,857,260
JimCarrey,,Jim Carrey,,100987,TRUE,370,106
kanyewest,,KANYE WEST,,103359,TRUE,105,570
chrisbrown,,Chris Brown,,104557,TRUE,157,199
aamir_khan,,Aamir Khan,,101732,TRUE,962,158
BeingSalmanKhan,,Salman Khan,,104817,TRUE,494,724
agnezmo,,AGNEZ MO,,103692,TRUE,404,426
Beyonce,,Beyoncé Knowles,,100417,TRUE,996,579
blakeshelton,,Blake Shelton,,103521,TRUE,279,378
RyanSeacrest,,Ryan Seacrest,,108600,TRUE,948,274
ivetesangalo,,Ivete Sangalo,,103069,TRUE,226,296
LeoDiCaprio,,Leonardo DiCaprio,,103151,TRUE,150,789
ParisHilton,,Paris Hilton,,106698,TRUE,427,256
iamwill,,will.i.am,,102511,TRUE,149,430
MohamadAlarefe,,د. محمد #العريفي,,107830,TRUE,351,712
KendallJenner,,Kendall Jenner,,104864,TRUE,235,95
ashleytisdale,,AshleyTisdaleFrench,,104329,TRUE,483,641
tyrabanks,,Tyra Banks,,108369,TRUE,921,32
SnoopDogg,,Snoop Dogg,,105132,TRUE,319,179
AlejandroSanz,,Alejandro Sanz,,100134,TRUE,322,386
ricky_martin,,Ricky Martin,,101119,TRUE,398,824
10Ronaldinho,,Ronaldinho Gaúcho,,106058,TRUE,765,75
SimonCowell,,Simon Cowell,,108221,TRUE,555,760
WayneRooney,,Wayne Rooney,,105703,TRUE,294,13
KDTrey5,,Kevin Durant,,106873,TRUE,503,574
maroon5,,Maroon 5,,108574,TRUE,891,376
radityadika,,raditya dika,,100350,TRUE,993,839
KylieJenner,,Kylie Jenner,,100738,TRUE,991,896
ClaudiaLeitte,,Claudia Leitte,,102732,TRUE,890,511
DaniloGentili,,Danilo Gentili,,103299,TRUE,827,597
shugairi,,أحمد الشقيري,,106759,TRUE,729,452
marcosmion,,snap - mionoficial,,108234,TRUE,889,509
deepikapadukone,,Deepika Padukone,,106852,TRUE,510,263
stephenfry,,Stephen Fry,,106351,TRUE,416,766
charliesheen,,Charlie Sheen,,102361,TRUE,732,286
andresiniesta8,,Andrés Iniesta,,107395,TRUE,904,898
iHrithik,,Hrithik Roshan,,104394,TRUE,332,191
priyankachopra,,PRIYANKA ,,105020,TRUE,794,54
LucianoHuck,,Luciano Huck,,104516,TRUE,737,666
3gerardpique,,Gerard Piqué,,103006,TRUE,663,75
ZacEfron,,Zac Efron,,106707,TRUE,357,860
carlyraejepsen,,Carly Rae Jepsen,,100700,TRUE,549,379
rustyrockets,,Russell Brand,,103862,TRUE,678,876
juanes,,JUANES,,107005,TRUE,420,526
paurubio,,Paulina Rubio,,100552,TRUE,834,640
iamdiddy,,Sean Diddy Combs,,101408,TRUE,721,605
Ludacris,,Ludacris,,107264,TRUE,617,725
SHAQ,,SHAQ,,107976,TRUE,267,719
paulocoelho,,Paulo Coelho,,103042,TRUE,378,666
SabrinaSatoReal,,Sabrina Sato Rahal,,105669,TRUE,539,195
kelly_clarkson,,Kelly Clarkson,,102439,TRUE,683,495
tomhanks,,Tom Hanks,,102824,TRUE,322,282
Dr_alqarnee,,عائض القرني,,101694,TRUE,831,198
Usher,,Usher Raymond IV,,105052,TRUE,706,233
akshaykumar,,Akshay Kumar,,101149,TRUE,439,345
LunaMaya26,,luna maya,,105787,TRUE,885,493
rickygervais,,Ricky Gervais,,103814,TRUE,832,426
MesutOzil1088,,Mesut Özil,,105117,TRUE,688,477
sherinasinna,,Sherina Sinna,,102099,TRUE,450,612
CMYLMZ,,Cem Yılmaz,,104185,TRUE,360,711
nickjonas,,Nick Jonas,,102590,TRUE,884,342
XabiAlonso,,Xabi Alonso,,108579,TRUE,517,223
TheRock,,Dwayne Johnson,,103274,TRUE,587,164
enrique305,,Enrique Iglesias,,100467,TRUE,690,575
StephenAtHome,,Stephen Colbert,,105973,TRUE,587,199
aguerosergiokun,,Sergio Kun Aguero,,101655,TRUE,493,869
VictoriaJustice,,Victoria Justice,,102326,TRUE,531,845
FALCAO,,Radamel Falcao,,107740,TRUE,227,117
lindsaylohan,,Lindsay Lohan,,100258,TRUE,439,747
arrahman,,A.R.Rahman,,102893,TRUE,547,759
AustinMahone,,Austin Mahone,,103734,TRUE,828,700
victoriabeckham,,Victoria Beckham,,102596,TRUE,854,595
jamesdrodriguez,,James Rodríguez,,102166,TRUE,944,53
TreySongz,,Trey Songz,,102228,TRUE,250,359
SofiaVergara,,Sofia Vergara,,100200,TRUE,493,728
jessicaalba,,Jessica Alba,,102083,TRUE,510,229
RafaelNadal,,Rafa Nadal,,101869,TRUE,340,488
rafinhabastos,,Rafinha Bastos,,108866,TRUE,336,577
daddy_yankee,,Daddy Yankee,,101360,TRUE,849,256
afgansyah_reza,,afgansyah reza,,102566,TRUE,780,238
Anahi,,Anahi,,101044,TRUE,576,53
LMFAO,,LMFAO,,102219,TRUE,442,226
realwbonner,,William Bonner,,102529,TRUE,594,94
imVkohli,,Virat Kohli ,,107338,TRUE,960,426
JessieJ,,Jessie J,,101022,TRUE,871,873
vidialdiano,,Vidi Aldiano,,100307,TRUE,268,874
annecurtissmith,,Anne Curtis-Smith,,102087,TRUE,273,484
sachin_rt,,sachin tendulkar,,102239,TRUE,335,692
MarceloTas,,Marcelo Tas,,104987,TRUE,826,569
mishari_alafasy,,مشاري راشد العفاسي,,101558,TRUE,170,892
Carles5puyol,,Carles Puyol,,107363,TRUE,963,839
SethMacFarlane,,Seth MacFarlane,,103210,TRUE,745,712
thalia,,Thalia,,100446,TRUE,682,498
MarcAnthony,,Marc Anthony,,103644,TRUE,832,563
cesc4official,,Cesc Fàbregas Soler,,100901,TRUE,195,832
50cent,,50cent,,107646,TRUE,442,334
Pharrell,,Pharrell Williams,,107040,TRUE,813,184
joejonas,,J O E  J O N A S,,102122,TRUE,259,757
BigSean,,Big Sean,,103220,TRUE,262,348
5SOS,,5 Seconds of Summer,,106393,TRUE,708,568
azizansari,,Aziz Ansari,,103914,TRUE,601,479
kobebryant,,Kobe Bryant,,106204,TRUE,808,64
davidbisbal,,David Bisbal,,106925,TRUE,499,66
juniorbachchan,,Abhishek Bachchan ,,104028,TRUE,516,293
Tatawerneck,,Tata werneck,,106722,TRUE,425,683
channingtatum,,Channing Tatum,,107293,TRUE,864,801
Persie_Official,,Robin van Persie,,104755,TRUE,733,169
sonamakapoor,,Sonam Kapoor,,106173,TRUE,410,394
CodySimpson,,Cody Simpson,,105579,TRUE,192,827
LuisFonsi,,Luis Fonsi ,,105721,TRUE,158,442
marcoluque,,Marco Luque,,101213,TRUE,177,587
DavidLuiz_4,,David Luiz,,100207,TRUE,121,832
GarethBale11,,Gareth Bale,,105229,TRUE,329,113
JohnCena,,John Cena,,101932,TRUE,611,676
EugenioDerbez,,Eugenio Derbez,,107014,TRUE,841,20
JColeNC,,J. Cole,,103798,TRUE,214,90
elissakh,,Elissa,,101160,TRUE,245,786
MirandaCosgrove,,Miranda Cosgrove,,103889,TRUE,448,620
johnlegend,,John Legend,,104572,TRUE,248,255
EvaLongoria,,Eva Longoria,,101557,TRUE,990,696
salman_alodah,,سلمان العودة,,105238,TRUE,587,380
karanjohar,,Karan Johar,,102052,TRUE,982,10
Guaje7Villa,,David Villa,,100567,TRUE,838,789
CherLloyd,,Cher Lloyd,,108501,TRUE,950,518
JessicaSimpson,,Jessica Simpson,,103969,TRUE,655,766
NancyAjram,,Nancy Ajram,,104007,TRUE,961,553
SpiderAnderson,,Anderson Silva,,105465,TRUE,110,418
montanertwiter,,Ricardo Montaner,,106621,TRUE,272,845
LittleMix,,Little Mix,,107844,TRUE,392,793
carmeloanthony,,Carmelo Anthony,,107750,TRUE,832,722
SarahKSilverman,,Sarah Silverman,,105919,TRUE,907,43
shahidkapoor,,Shaandaar Kapoor,,103274,TRUE,850,804
Tyga,,T-Raww,,102906,TRUE,683,180
ChespiritoRGB,,Roberto G. Bolaños,,104256,TRUE,166,529
snooki,,Nicole Polizzi,,100726,TRUE,282,637
cuervotinelli,,marcelo tinelli,,103007,TRUE,913,631
143redangel,,Angel Locsin,,105140,TRUE,286,61
IAMQUEENLATIFAH,,Queen Latifah,,106080,TRUE,603,773
ZooeyDeschanel,,zooey deschanel,,107188,TRUE,424,3
simonpegg,,Pegg News,,107305,TRUE,169,714
RaffiAhmadLagi,,Raffi Ahmad,,102785,TRUE,700,625
NeYoCompound,,NE-YO,,106633,TRUE,811,385
CalvinHarris,,Calvin Harris,,101252,TRUE,769,319
richardbranson,,Richard Branson,,107284,TRUE,974,91
ciara,,Ciara,,105560,TRUE,828,153
SteveMartinToGo,,Steve Martin,,102876,TRUE,381,557
ollyofficial,,Olly Murs,,102103,TRUE,322,60
DaniAlvesD2,,Daniel Alves,,107508,TRUE,178,896
KELLYROWLAND,,KELENDRIA ROWLAND,,107925,TRUE,821,289
Fearnecotton,,fearne cotton,,106849,TRUE,496,628
rioferdy5,,Rio Ferdinand,,106421,TRUE,684,579
FloydMayweather,,Floyd Mayweather,,104039,TRUE,331,139
Luke5SOS,,Luke Hemmings,,105035,TRUE,811,590
shireensungkar,,shireen sungkar,,102923,TRUE,161,574
jedarcantik,,Jessica Iskandar,,106791,TRUE,147,436
andersoncooper,,Anderson Cooper,,106418,TRUE,911,174
MTLovenHoney,,Mario Teguh,,104455,TRUE,662,298
FabioPorchat,,Fabio Porchat,,108392,TRUE,317,366
FarOutAkhtar,,Farhan Akhtar,,108047,TRUE,438,550
jennettemccurdy,,Jennette McCurdy,,103351,TRUE,893,758
gusttavo_lima,,Gusttavo Lima,,108827,TRUE,247,513
bellathorne,,bella thorne,,100674,TRUE,838,328
pittyleone,,Pitty ,,103465,TRUE,190,305
hollywills,,Holly Willoughby,,103317,TRUE,660,482
JuanLuisGuerra,,Juan Luis Guerra,,104012,TRUE,645,250
Tip,,T.I.,,100985,TRUE,463,367
PerezHilton,,Perez Hilton,,103359,TRUE,398,541
DwightHoward,,Dwight Howard,,100132,TRUE,706,480
CHAYANNEMUSIC,,CHAYANNE,,104708,TRUE,597,395
Ricardo_Arjona,,Ricardo Arjona ®,,100453,TRUE,195,853
aliaa08,,SHAANDAAR Alia,,104149,TRUE,972,469
vicegandako,,jose marie viceral,,103410,TRUE,480,503
Zendaya,,Zendaya,,101852,TRUE,331,608
DulceMaria,,Dulce Maria,,104596,TRUE,594,381
oceara,,Ceará - Wellington,,100790,TRUE,175,527
iansomerhalder,,Ian Somerhalder,,104919,TRUE,910,20
KrisJenner,,Kris Jenner,,103838,TRUE,673,234
jimmykimmel,,Jimmy Kimmel,,106976,TRUE,931,71
RealHughJackman,,Hugh Jackman,,105296,TRUE,785,37
luansantana,,Luan Santana,,108275,TRUE,898,362
IGGYAZALEA,,IGGY AZALEA,,102344,TRUE,826,239
GalileaMontijo,,Galilea Montijo,,101199,TRUE,620,556
AnushkaSharma,,Anushka Sharma,,102106,TRUE,599,423
robkardashian,,ROBERT KARDASHIAN,,108646,TRUE,607,742
Akon,,AKON,,106819,TRUE,800,684
jason_mraz,,Jason Mraz,,100162,TRUE,231,152
ninadobrev,,Nina Dobrev,,102897,TRUE,187,25
OMARCHAPARRO,,Omar Chaparro,,107993,TRUE,464,55
SergioRamos,,Sergio Ramos,,105011,TRUE,996,817
rodrigovesgo,,Rodrigo Scarpa,,101608,TRUE,420,384
LanaDelRey,,Lana Del Rey,,103315,TRUE,217,767
sonakshisinha,,Sonakshi Sinha,,108095,TRUE,609,150
Mascherano,,Javier Mascherano,,105840,TRUE,643,361
chetan_bhagat,,Chetan Bhagat,,107849,TRUE,732,384
Calum5SOS,,Calum Hood,,105568,TRUE,540,149
CH14_,,Chicharito Hernandez,,101380,TRUE,495,132
jk_rowling,,J.K. Rowling,,106387,TRUE,369,132
official_flo,,FLO RIDA,,107058,TRUE,447,280
chelseahandler,,Chelsea Handler,,103384,TRUE,899,810
atademirer,,atademirer,,101144,TRUE,624,842
ScottDisick,,Scott Disick,,107226,TRUE,210,373
CherylOfficial,,Cheryl,,102137,TRUE,280,764
officialjaden,,Jaden Smith,,105182,TRUE,925,295
LuisSuarez9,,Luis Suarez,,104404,TRUE,407,90
ParineetiChopra,,Parineeti Chopra,,105490,TRUE,533,14
RobertDowneyJr,,Robert Downey Jr,,104992,TRUE,848,814
G_Higuain,,Gonzalo Higuaín,,106530,TRUE,907,362
jimmycarr,,Jimmy Carr,,105829,TRUE,339,466
TomCruise,,Tom Cruise,,101410,TRUE,878,595
kendricklamar,,Kendrick Lamar,,108031,TRUE,116,572
serenawilliams,,Serena Williams,,108043,TRUE,121,111
Residente,,Residente,,100568,TRUE,941,654
adamlevine,,Adam Levine,,108671,TRUE,184,750
CarlosLoret,,Carlos Loret de Mola,,106432,TRUE,990,787
JeremyClarkson,,Jeremy Clarkson,,102445,TRUE,142,501
ahickmann,,Ana Hickmann,,106039,TRUE,289,38
Talhabeeb,,أ. د. طارق الحبيب,,107617,TRUE,470,726
VanessaHudgens,,Vanessa Hudgens,,108226,TRUE,103,28
TareqAlSuwaidan,,د. طارق السويدان,,108033,TRUE,962,647
JKCorden,,Jkcorden,,105532,TRUE,723,657
Michael5SOS,,Michael Clifford,,105516,TRUE,782,441
elliegoulding,,Ellie Goulding,,104990,TRUE,711,210
camerondallas,,Cameron Dallas,,105123,TRUE,888,662
lopezdoriga,,Joaquín López-Dóriga,,107361,TRUE,472,747
DrBassemYoussef,,Dr Bassem Youssef,,100002,TRUE,153,712
thekiranbedi,,Kiran Bedi,,105524,TRUE,862,445
raisa6690,,Raisa Andriana,,105082,TRUE,854,332
lilyallen,,lily,,106094,TRUE,226,838
AnupamPkher,,Anupam Kher,,104847,TRUE,791,713
MichelleObama,,Michelle Obama,,107455,TRUE,731,834
maryjblige,,Mary J. Blige,,104916,TRUE,854,256
oserginho,,Serginho Groisman,,100780,TRUE,130,467
justdemi,,Demi Moore,,106047,TRUE,201,119
bernardokath,,KATH,,106779,TRUE,345,618
SamuelLJackson,,Samuel L. Jackson,,101998,TRUE,307,15
NicoleScherzy,,Nicole Scherzinger,,100386,TRUE,809,740
bep,,The Black Eyed Peas,,106631,TRUE,177,534
Ahlam_Alshamsi,,Ahlam - احلام,,104122,TRUE,110,185
okanbayulgen,,okan bayulgen,,101257,TRUE,708,265
INDONESIAinLOVE,,INDONESIAinLOVE,,102087,TRUE,491,620
amrkhaled,,Amr Khaled,,100522,TRUE,959,332
MeekMill,,Meek Mill,,101190,TRUE,815,847
antanddec,,antanddec,,101205,TRUE,739,828
CasillasWorld,,Iker Casillas,,107410,TRUE,125,357
RitaOra,,Rita Ora,,106544,TRUE,869,649
lulopilato,,Luisana Lopilato,,104788,TRUE,319,196
Fiuk,,Fiuk,,102910,TRUE,355,605
NickCannon,,Nick Cannon,,108080,TRUE,595,27
bepe20s,,•Bambang Pamungkas•,,107394,TRUE,534,151
SandyLeah,,Sandy Leah,,103238,TRUE,360,481
mirandalambert,,Miranda Lambert,,107500,TRUE,506,454
Angelluisr,,Angel Rivera,,101598,TRUE,604,880
Nashgrier,,Nash Grier,,107268,TRUE,946,484
bclsinclair,,bunga citra lestari,,103651,TRUE,909,196
RedHourBen,,Ben Stiller,,104701,TRUE,343,92
DemetAkalin,,Demet Akalin Kurt,,108639,TRUE,939,215
YengPLUGGEDin,,Yeng Constantino,,102459,TRUE,358,564
mindykaling,,Mindy Kaling,,102262,TRUE,798,679
LukeBryanOnline,,Luke Bryan,,106838,TRUE,741,401
siwon407,,SIWON CHOI,,107969,TRUE,215,516
MacMiller,,Mac,,102461,TRUE,691,873
D_DeGea,,David De Gea,,107154,TRUE,161,598
juanmata8,,Juan Mata García,,103438,TRUE,899,193
TigerWoods,,Tiger Woods,,100513,TRUE,553,293
MikeTyson,,Mike Tyson,,101081,TRUE,294,769
LennyKravitz,,Lenny Kravitz,,103864,TRUE,697,418
kevinjonas,,kevin jonas,,102095,TRUE,702,327
JonahHill,,Jonah Hill,,104460,TRUE,945,651
DwyaneWade,,DWade,,104865,TRUE,928,707
nicolerichie,,Nicole Richie,,107210,TRUE,549,782
linkinpark,,LINKIN PARK,,105238,TRUE,289,519
HilaryDuff,,Hilary Duff,,103403,TRUE,595,308
ImRaina,,Suresh Raina,,102877,TRUE,960,742
RNTata2000,,Ratan N. Tata,,107290,TRUE,463,660
ariyoshihiroiki,,有吉弘行,,108261,TRUE,122,218
IBGDRGN,,G-DRAGON,,108310,TRUE,709,807
AnnaKendrick47,,Anna Kendrick,,108844,TRUE,894,807
AlanCarr,,Alan Carr,,103483,TRUE,383,351
sectorkekz,,Angelica Panganiban,,106073,TRUE,422,186
wossy,,Jonathan Ross,,100070,TRUE,358,636
lucyhale,,Lucy Hale,,105465,TRUE,174,490
bridgitmendler,,Bridgit Mendler,,107354,TRUE,126,471
donghae861015,,Super Junior 이동해,,103873,TRUE,748,201
JohnCleese,,John Cleese,,105306,TRUE,742,688
souljaboy,,Soulja Boy Tell 'Em,,100162,TRUE,176,303
PrinceRoyce,,Prince Royce,,102565,TRUE,810,401
TiagoLeifert,,Tiago Leifert,,104228,TRUE,546,809
carrieunderwood,,Carrie Underwood,,107359,TRUE,252,283
jesseyjoy,,Jesse & Joy Oficial,,102968,TRUE,406,240
yokoono,,Yoko Ono,,107746,TRUE,361,267
olla_ramlan,,Ollaufar,,105448,TRUE,559,104
DjokerNole,,Novak Djokovic,,108476,TRUE,369,131
gabyespino,,gaby espino,,107485,TRUE,285,280
Bellaudyaa,,Laudya cynthia bella,,106391,TRUE,786,331
tyleroakley,,Tyler Oakley / TODAY,,102378,TRUE,548,820
johngreen,,John Green,,107829,TRUE,555,215
BillSimmons,,Bill Simmons,,101445,TRUE,850,130
DiegoForlan7,,Diego Forlan,,106061,TRUE,293,253
llcoolj,,Instagram  @LLCOOLJ,,105326,TRUE,851,215
facufacundo,,Facundo,,100671,TRUE,871,193
msleamichele,,Lea Michele,,103829,TRUE,678,263
iamsuperbianca,,Bianca Gonzalez,,104501,TRUE,188,421
msdhoni,,Mahendra Singh Dhoni,,103832,TRUE,274,679
piersmorgan,,Piers Morgan,,100324,TRUE,807,171
Skrillex,,SKRILLEX,,103128,TRUE,569,778
virendersehwag,,Virender Sehwag,,106683,TRUE,996,751
jorgeemateus,,Jorge & Mateus,,103907,TRUE,808,665
gitagut,,Aluna Sagita Gutawa,,101569,TRUE,707,87
Lord_Sugar,,Lord Sugar,,101792,TRUE,851,356
MonsieurDream,,Cyprien,,108221,TRUE,743,712
CP3,,Chris Paul,,105007,TRUE,690,514
iamjamiefoxx,,Jamie Foxx,,102638,TRUE,820,341
IrfanBachdim10,,Irfan Bachdim,,107317,TRUE,687,783
kc_concepcion,,KC Concepcion,,106706,TRUE,445,431
imdanielpadilla,,Daniel Padilla,,108986,TRUE,599,102
gadelmaleh,,Gad Elmaleh,,105080,TRUE,987,862
MarceloM12,,Marcelo Vieira,,108143,TRUE,384,324
micheltelo,,Michel Teló,,101311,TRUE,822,513
SalehAlmoghamsy,,الشيخ صالح المغامسي,,105683,TRUE,260,470
luckymanzano,,Luis Manzano,,101450,TRUE,648,380
yelyahwilliams,,hayley from Paramore,,105115,TRUE,700,524
DONOMAR,,DON OMAR aka KONG,,104673,TRUE,971,718
SteveCarell,,Steve Carell,,101731,TRUE,464,773
neiltyson,,Neil deGrasse Tyson,,100188,TRUE,908,373
wisinyyandel,,Wisin Y Yandel,,102165,TRUE,687,395
NoelSchajris,,Noel Schajris,,103543,TRUE,266,566
RevRunWisdom,,Rev Run,,108566,TRUE,594,766
SandraDewi88,,Sandra Dewi,,102641,TRUE,718,838
amrdiab,,Amr Diab,,102596,TRUE,822,93
ShawnMendes,,Shawn Mendes,,102458,TRUE,100,848
syntekoficial,,Aleks Syntek,,107783,TRUE,112,402
AdelAliBinAli,,عادل علي بن علي,,107066,TRUE,672,482
felipeneto,,Felipe Neto,,107023,TRUE,627,719
polo_polo,,Polo Polo,,101981,TRUE,824,364
GloriaTrevi,,GloriaTrevi,,105598,TRUE,369,842
TheVijayMallya,,Vijay Mallya ,,108330,TRUE,332,56
Ashton5SOS,,Ashton Irwin,,101538,TRUE,785,750
Wale,,Young Olu the Genius,,108698,TRUE,376,3
ChinoyNacho,,Chino y Nacho,,106321,TRUE,770,845
Riteishd,,Riteish Deshmukh ,,101029,TRUE,977,170
RealLamarOdom,,LAMAR ODOM,,100002,TRUE,470,468
PretaGil,,Preta Gil,,103618,TRUE,600,136
TomCavalcante1,,TOM CAVALCANTE,,101215,TRUE,488,647
RandyOrton,,Randy Orton,,104713,TRUE,421,698
DjKingAssassin,,DJ KING ASSASSIN,,106801,TRUE,647,236
gadiiing,,Gading Marten,,100822,TRUE,970,29
DJPaulyD,,DJ Pauly D,,106519,TRUE,703,675
LuceroMexico,,Lucero,,103668,TRUE,780,286
paulitachaves,,Paula,,105022,TRUE,800,802
KevinSpacey,,Kevin Spacey,,108893,TRUE,541,419
OzzyOsbourne,,Ozzy Osbourne,,107735,TRUE,682,330
AdamSchefter,,Adam Schefter,,106504,TRUE,791,354
GaryLineker,,Gary Lineker,,105656,TRUE,239,620
VhongX44,,Vhong Navarro,,106810,TRUE,164,895
_CristineReyes_,,Cristine Reyes,,102198,TRUE,869,452
JordinSparks,,Jordin Sparks,,107306,TRUE,509,368
juliaperrez,,juliaperez,,104882,TRUE,623,447
rainnwilson,,RainnWilson,,104083,TRUE,226,759
silagencoglu,,Sıla Gençoğlu,,105604,TRUE,430,511
QueenRania,,Rania Al Abdullah,,103075,TRUE,291,643
hulyavsar,,Hulya Avsar,,104629,TRUE,636,249
najwakaram,,Najwa Karam,,102436,TRUE,872,262
1victorvaldes,,Victor Valdes,,106593,TRUE,255,31
DebbouzeJamel,,Jamel Debbouze,,104873,TRUE,785,794
montesjulia,,Julia Montes,,108081,TRUE,481,458
hazardeden10,,Eden hazard,,101576,TRUE,407,641
ajaydevgn,,Ajay Devgn,,107823,TRUE,408,650
indrabektiasli,,INDRA BEKTI,,100697,TRUE,453,45
MirandaKerr,,Miranda Kerr,,103720,TRUE,435,454
fayez_malki,,فايز المالكي,,108153,TRUE,210,684
angelicaksy,,angelica huck,,107116,TRUE,558,48
GaryBarlow,,Gary Barlow,,105651,TRUE,339,437
TheShilpaShetty,,SHILPA SHETTY KUNDRA,,102075,TRUE,577,732
aristeguicnn,,Carmen Aristegui,,106887,TRUE,335,208
BillCosby,,Bill Cosby,,106758,TRUE,141,608
tonyhawk,,Tony Hawk,,101116,TRUE,614,673
noaheverett,,Noah Everett,,105199,TRUE,861,833
AndreaLegarreta,,Andrea Legarreta,,107263,TRUE,606,540
tylerperry,,Tyler Perry,,100032,TRUE,920,325
julietav,,Julieta Venegas,,102751,TRUE,715,660
bipsluvurself,,Bipasha Basu,,100300,TRUE,489,813
psy_oppa,,PSY,,101842,TRUE,828,362
Caradelevingne,,Cara Delevingne,,102572,TRUE,960,639
galifianakisz,,zach galifianakis,,104077,TRUE,583,628
Nelly_Mo,,Nelly_Mo,,107864,TRUE,168,379
DebbyRyan,,DΞΒΒΥ RΥΛΠ,,100277,TRUE,525,551
KellyOsbourne,,Kelly Osbourne,,103969,TRUE,625,793
YordiRosado,,Yordi Rosado,,106910,TRUE,288,551
eddieizzard,,Eddie Izzard,,106211,TRUE,155,62
KapilSharmaK9,,KAPIL,,103036,TRUE,496,831
cuneytozdemir,,cüneyt özdemir,,106025,TRUE,148,788
JoelOsteen,,Joel Osteen,,101012,TRUE,513,521
dylanobrien,,Dylan O'Brien,,102779,TRUE,283,191
diegotorres,,Diego Torres,,104595,TRUE,600,744
KeriHilson,,Keri Hilson,,106291,TRUE,482,136
yilmazerdogan,,Yılmaz Erdoğan,,100937,TRUE,752,482
realpreityzinta,,Preity zinta,,103628,TRUE,335,150
rogerfederer,,Roger Federer,,105250,TRUE,289,875
lordemusic,,Lorde,,104956,TRUE,669,706
GreenDay,,Green Day,,103944,TRUE,644,687
PochoLavezzi,,Ezequiel Lavezzi,,103739,TRUE,742,807
carlosvives,,Carlos Vives,,108484,TRUE,931,252
jackwhitehall,,Jack Whitehall,,101225,TRUE,319,325
alyankovic,,Al Yankovic,,103268,TRUE,276,572
alexoficial,,Alejandro Fernandez,,101160,TRUE,985,262
Jenna_Marbles,,Jenna Mourey/Marbles,,107733,TRUE,924,92
MaiteOficial,,Maite Perroni B,,102530,TRUE,274,181
shreyaghoshal,,Shreya Ghoshal,,101485,TRUE,636,230
LAURAGII,,Laura G,,105864,TRUE,762,323
raghebalama,,Ragheb Alama,,100842,TRUE,976,427
wyclef,,Wyclef Jean,,101297,TRUE,511,874
Alwaleed_Talal,,الوليد بن طلال,,103448,TRUE,894,644
scooterbraun,,Scooter Braun,,100091,TRUE,148,89
Adela_Micha,,Adela Micha ,,108508,TRUE,880,855
tiesto,,Tiësto,,102973,TRUE,872,817
paramore,,PARAMORE,,105658,TRUE,661,708
apriliokevin,,Kevin Aprilio,,107452,TRUE,380,359
AshBenzo,,Ashley Benson,,106140,TRUE,194,415
urgantcom,,Ivan Urgant,,100537,TRUE,601,462
NormanDesVideos,,Norman Thavaud,,103846,TRUE,868,244
iyavillania,,IyaVillaniaArellano,,104896,TRUE,490,897
usainbolt,,Usain St. Leo Bolt,,108909,TRUE,137,735
lancearmstrong,,Lance Armstrong,,108517,TRUE,692,18
paulwesley,,Paul Wesley,,103139,TRUE,152,541
LuisChataing,,Luis Chataing,,106399,TRUE,830,152
aarbeloa17,,Álvaro Arbeloa,,106812,TRUE,427,570
paulpierce34,,Paul Pierce,,100274,TRUE,791,369
hitRECordJoe,,Joseph Gordon-Levitt,,102800,TRUE,525,325
HamzaNamira,,Hamza Namira,,107628,TRUE,362,583
MadhuriDixit,,Madhuri Dixit-Nene,,100875,TRUE,168,515
IAMJHUD,,Jennifer Hudson,,100265,TRUE,942,223
mcuban,,Mark Cuban,,107282,TRUE,128,465
DrOz,,Dr. Mehmet Oz,,106648,TRUE,646,390
belindapop,,Belinda,,101724,TRUE,314,366
JoyceMeyer,,Joyce Meyer,,101241,TRUE,730,501
ValeYellow46,,Valentino Rossi,,102247,TRUE,954,794
Poconggg,,ariefmuhammad,,102338,TRUE,838,66
gulbenergen,,Gülben Ergen Çelik,,104176,TRUE,770,313
TherealTaraji,,Taraji P. Henson,,103125,TRUE,277,76
ElBaradei,,Mohamed ElBaradei,,106350,TRUE,758,658
jimjonescapo,,Jim Jones ,,101592,TRUE,214,365
abdulrahman,,عبدالرحمن بن مساعد,,104330,TRUE,990,145
joelmchale,,Joel McHale,,100824,TRUE,474,256
jaimecamil,,Jaime Camil,,104722,TRUE,654,148
acunilicali,,Acun Ilıcalı,,102570,TRUE,261,81
alinebarros,,Aline Barros,,105803,TRUE,107,451
luisnani,,Nani,,102404,TRUE,171,550
OfficialWillow,,Willy,,105007,TRUE,715,30
ahmethc,,ahmet hakan,,106154,TRUE,861,297
bigtimerush,,Big Time Rush,,104098,TRUE,205,555
_Pedro17_,,Pedro Rodríguez,,104689,TRUE,516,835
samsmithworld,,SAM SMITH,,107759,TRUE,820,780
Schofe,,Phillip Schofield,,108789,TRUE,882,300
pamyurin,,きゃりーぱみゅぱみゅ,,107753,TRUE,361,27
EmilyOsment,,Emily Osment,,107585,TRUE,819,485
itsenriquegil,,Enrique Gil,,106304,TRUE,111,263
samuelmilby,,Sam Milby,,105722,TRUE,317,300
FinallyMario,,Mario Balotelli,,104217,TRUE,340,498
DollyParton,,Dolly Parton,,103470,TRUE,806,842
ChrisMoyles,,Chris Moyles,,104917,TRUE,771,575
BradPaisley,,Brad Paisley,,100887,TRUE,508,734
FreddyAmazin,,FREDDY,,101929,TRUE,363,566
FrancoDVita,,Franco De Vita ,,108668,TRUE,742,251
HaifaWehbe,,Haifa Wehbe,,108889,TRUE,623,177
DannyDeVito,,Danny DeVito,,104644,TRUE,267,48
robdyrdek,,Rob Dyrdek,,104752,TRUE,143,882
JENNIWOWW,,JWOWW,,105557,TRUE,658,563
mangeshkarlata,,Lata Mangeshkar,,101283,TRUE,244,561
PaulaFernandes7,,Paula Fernandes,,100055,TRUE,276,103
PrincesSyahrini,,Syahrini,,106395,TRUE,734,121
jasonderulo,,Jason Derulo,,101519,TRUE,450,446
zoetheband,,Zoé,,102927,TRUE,854,790
brunogagliasso,,Bruno Gagliasso,,105890,TRUE,797,227
Schwarzenegger,,Arnold,,100866,TRUE,433,731
BruMarquezine,,Bruna Marquezine,,100191,TRUE,613,296
JoshDevineDrums,,Josh Devine,,102774,TRUE,872,826
pedroalfonsoo,,Pedro Alfonso,,103947,TRUE,245,442
KeshaRose,,kesha ,,103443,TRUE,423,871
UncleRUSH,,Russell Simmons,,106295,TRUE,137,157
JakeTAustin,,Jake T. Austin,,108914,TRUE,989,100
officialtulisa,,Tulisa Contostavlos,,102746,TRUE,716,371
EleanorJCalder,,Eleanor Calder,,105917,TRUE,103,487
ochocinco,,Chad Johnson,,104442,TRUE,187,136
chrisrock,,Chris Rock,,106581,TRUE,461,824
sneijder101010,,Wesley Sneijder,,103037,TRUE,383,203
SeanKingston,,SEAN KINGSTON ©,,103992,TRUE,913,221
brozoxmiswebs,,brozo xmiswebs,,100900,TRUE,561,151
MuratBoz,,Murat Boz,,103966,TRUE,151,665
vjdaniel,,VJ Daniel Mananta,,101632,TRUE,646,596
JamesFrancoTV,,James Franco,,101381,TRUE,867,440
amandabynes,,amanda bynes,,100168,TRUE,267,467
FePaesLeme,,Fe Paes Leme,,101505,TRUE,352,232
jessicacediel,,Jessica Cediel,,103389,TRUE,176,469
ANAMARIABRAGA,,Ana Maria Braga,,108134,TRUE,626,404
MCHammer,,MC HAMMER,,100369,TRUE,860,809
giseleofficial,,Gisele Bündchen,,101687,TRUE,502,303
Fergie,,Fergie,,106050,TRUE,811,439
Fonseca,,Fonseca,,108104,TRUE,555,894
dumbassgenius,,Rick G. Rosner,,106002,TRUE,538,504
mrsayudewi,,Ayu Dewi,,100634,TRUE,536,32
battalalgoos,,بتال القوس ,,107700,TRUE,187,669
NellyFurtado,,Nelly Furtado,,105113,TRUE,879,735
kuyakim_atienza,,kim atienza,,103601,TRUE,138,593
nikkigil,,Nikki Gil,,100399,TRUE,579,288
maddow,,Rachel Maddow MSNBC,,105350,TRUE,466,334
questlove,,Questlove Gomez,,106735,TRUE,944,419
ErikaDLV,,Erika de la Vega,,104947,TRUE,931,396
RomeoSantosPage,,Romeo Santos,,101806,TRUE,214,314
YUVSTRONG12,,yuvraj singh,,103424,TRUE,850,797
TravieMcCoy,,Travie McCoy,,108632,TRUE,967,114
LaurenConrad,,Lauren Conrad,,107072,TRUE,562,854
21LVA,,David Silva,,107775,TRUE,508,394
CaioCastro,,Caio Castro,,101358,TRUE,381,720
thiaguinhocomth,,THiaguinho,,102952,TRUE,562,751
AHMTKURAL,,Ahmet Kural,,105073,TRUE,952,352
Titi_KamaLL,,Titi Kamal,,107593,TRUE,542,255
RealVolya,,Pavel Volya,,106592,TRUE,441,141
rialjorge,,JORGE RIAL,,106659,TRUE,150,561
brookeburke,,Brooke Burke-Charvet,,100655,TRUE,566,738
MrPeterAndre,,Peter Andre,,104448,TRUE,216,477
ToniKroos,,Toni Kroos,,105915,TRUE,281,648
mustafaceceli,,Mustafa Ceceli,,102391,TRUE,690,677
SamiAlJaber,,سامي الجابر,,104394,TRUE,535,349
GiulianaRancic,,Giuliana Rancic,,108461,TRUE,990,592
shfly3424,,Yesung,,106679,TRUE,248,33
lopezandres,,Andres Lopez Forero,,101683,TRUE,312,169
JoeyEssex_,,Joey Essex,,106942,TRUE,824,787
heidiklum,,Heidi Klum,,103088,TRUE,775,6
lala,,LA LA,,101613,TRUE,460,274
GemmaAnneStyles,,Gemma Styles,,107113,TRUE,435,883
mustafa_agha,, Mustafa agha,,103145,TRUE,275,34
RobertsEmma,,Emma Roberts,,104008,TRUE,976,881
BustaRhymes,,Busta Rhymes,,100343,TRUE,594,164
manomenezes,,Mano Menezes,,100494,TRUE,559,546
NathanFillion,,Nathan Fillion,,108423,TRUE,719,144
pattiemallette,,Pattie Mallette,,106188,TRUE,390,346
6BillionPeople,,MarQuis Trill,,102841,TRUE,778,791
TheMattEspinosa,,Matthew Espinosa,,107115,TRUE,947,678
waleedalfarraj,,وليد_الفراج#,,106046,TRUE,315,516
cerati,,Gustavo Cerati,,108616,TRUE,781,399
myfabolouslife,,Fabolous,,102072,TRUE,966,286
blakegriffin32,,Blake Griffin,,102477,TRUE,601,191
danawhite,,Dana White,,108439,TRUE,420,756
EspinozaOficial,,Espinoza Paz,,102189,TRUE,384,624
Khunnie0624,,นิชคุณ Buck หรเวชกุล,,108629,TRUE,117,104
Sethrogen,,Seth Rogen,,108481,TRUE,381,597
andy_murray,,Andy Murray,,104422,TRUE,961,883
JohnBishop100,,John Bishop,,102059,TRUE,983,54
laliespos,,Lali Esposito,,104190,TRUE,921,634
corbuzier,,Corbuzier,,104503,TRUE,302,296
ceracoat,,Dr Elio Keller,,107510,TRUE,605,219
DavidKWilliams,,DavidKWilliams,,105704,TRUE,123,219
michkeegan,,michelle keegan,,100694,TRUE,343,471
Slash,,Slash,,107678,TRUE,304,176
deadmau5,,deadmau5,,106045,TRUE,810,250
missA_suzy,,숮이,,103293,TRUE,441,268
PBiaL,,Pedro Bial,,101924,TRUE,607,612
BRUNOIERULLO,,BRUNO IERULLO,,106539,TRUE,751,642
NOAH_ID,,NOAH,,102985,TRUE,427,264
themichaelowen,,michael owen,,102261,TRUE,223,290
DrakeBell,,Drake Bell,,104584,TRUE,161,484
AnselElgort,,Ansel Elgort,,101500,TRUE,953,444
SaraBareilles,,Sara Bareilles,,103308,TRUE,366,291
MPOFFICIAL,,Matt Pokora,,104984,TRUE,911,237
Tbambino,,Tito El Bambino,,100777,TRUE,736,644
isco_alarcon,,ISCO ALARCON,,103231,TRUE,458,476
VigilanteArtist,,Alejandro Vigilante,,100291,TRUE,158,433
Manuel_Neuer,,Manuel Neuer,,103616,TRUE,519,145
kevadamsss,,Kev.Adams,,100549,TRUE,332,92
sethmeyers,,Seth Meyers,,107684,TRUE,272,774
AndreaSernaTV,,Andrea Serna,,107390,TRUE,257,645
special1004,,Lee Teuk,,102009,TRUE,795,327
JanetJackson,,Janet Jackson,,104066,TRUE,333,428
paugasol,,Pau Gasol,,105335,TRUE,227,875
billmaher,,Bill Maher,,106589,TRUE,635,218
JBALVIN,,J BALVIN,,100613,TRUE,949,326
RolaWorLD,,ROLA,,107806,TRUE,601,99
S_C_,,Mr. Carter,,102636,TRUE,504,73
VINNYGUADAGNINO,,Vinny Guadagnino,,102584,TRUE,912,6
MsLeaSalonga,,Lea Salonga,,108720,TRUE,161,582
jack,,Jack,,100355,TRUE,284,22
manuginobili,,Manu Ginobili,,108328,TRUE,468,306
ilovegeorgina,,Georgina Wilson,,105653,TRUE,466,876
jackybrv,,JACKY BRACAMONTES,,101706,TRUE,338,857
Tyrese,,Vision Implementer  ,,105024,TRUE,514,365
ReikMx,,Reik,,105950,TRUE,882,646
DaneCook,,Dane Cook,,100423,TRUE,361,800
JerrySeinfeld,,Jerry Seinfeld,,101875,TRUE,175,379
geneliad,,Genelia Deshmukh,,101125,TRUE,595,418
D_Copperfield,,David Copperfield,,103839,TRUE,887,342
RealTracyMorgan,,Tracy Morgan,,103191,TRUE,385,155
drdrew,,Dr Drew,,108741,TRUE,404,483
marley_ok,,MARLEY - ALE WIEBE,,102636,TRUE,375,136
andreolifelipe,,Felipe Andreoli,,100706,TRUE,839,217
1LoganHenderson,,Logan Henderson,,108559,TRUE,145,678
Ibra_official,,Zlatan Ibrahimović,,106187,TRUE,295,597
handeyener,,Hande Yener,,104884,TRUE,499,419
smosh,,Smosh,,100569,TRUE,695,39
rickyrozay,,BlackBottleBoy,,107452,TRUE,598,22
Caitlyn_Jenner,,Caitlyn Jenner,,105287,TRUE,908,397
common,,COMMON,,102834,TRUE,206,728
susoelpaspi,,Suso el Paspi,,101727,TRUE,549,612
huryazarlar,,Hürriyet Yazarlar,,100015,TRUE,846,12
DaRealAmberRose,,Amber Rose,,107737,TRUE,845,601
Asli_Jacqueline,,Jacqueline Fernandez,,105086,TRUE,725,622
Benzema,,Karim Benzema,,107104,TRUE,390,829
MarthaStewart,,Martha Stewart,,102564,TRUE,622,268
jamesmaslow,,James Maslow,,100652,TRUE,506,806
lafouine78,,lafouine,,103062,TRUE,296,799
oscar8,,Oscar,,100035,TRUE,997,704
Su_Gimenez,,Susana Gimenez,,105990,TRUE,249,547
DavidHenrie,,David Henrie,,103658,TRUE,957,106
Caspar_Lee,,Caspar Lee,,101225,TRUE,644,26
steveaoki,,Steve Aoki,,104432,TRUE,368,532
BoAkwon,,BoA,,100342,TRUE,574,157
VeraBrezhneva,,Вера Брежнева,,105546,TRUE,727,866
DaniellePeazer,,Danielle Peazer,,106622,TRUE,491,192
JHarden13,,James Harden,,105181,TRUE,200,481
shrutihaasan,,shruti haasan,,100040,TRUE,254,374
Joey7Barton,,Joseph Barton,,104904,TRUE,331,130
MirzaSania,,Sania Mirza,,104741,TRUE,455,434
steveaustinBSR,,Steve Austin,,103372,TRUE,498,779
krungy21,,Sandara Park,,103993,TRUE,928,319
ninagarcia,,Nina Garcia,,101378,TRUE,310,447
farisf9,,فارس عوض F.A,,104257,TRUE,654,749
Imaginedragons,,Imagine Dragons,,100382,TRUE,426,384
HayesGrier,,Hayes Grier,,104229,TRUE,134,60
ryeong9,,SUPER,,108159,TRUE,359,269
AlbertoCiurana,,Alberto Ciurana,,100001,TRUE,343,352
shaymitch,,Shay Mitchell,,103516,TRUE,135,634
mynameisrossa,,Rossa Roslaina,,108434,TRUE,901,407
troyesivan,,Troye Sivan,,105518,TRUE,132,370
ReggieBush,,Reggie Bush,,103735,TRUE,203,260
mh_awadi,,محمد العوضي,,102437,TRUE,704,629
chinasuarez,,Eugenia Suarez ♛,,103813,TRUE,518,175
Metallica,,Metallica,,101051,TRUE,778,369
bhogleharsha,,Harsha Bhogle,,103803,TRUE,969,689
dedesecco,,deborah secco,,100410,TRUE,425,710
jupaesoficial,,Juliana Paes,,102780,TRUE,802,805
GNev2,,Gary Neville,,108528,TRUE,106,607
StephenCurry30,,Stephen Curry,,104881,TRUE,397,169
TimTebow,,Tim Tebow,,107636,TRUE,428,233
LewisHamilton,,Lewis Hamilton,,106816,TRUE,501,691
gio_antonelli,,Giovanna Antonelli,,102633,TRUE,976,875
jhutch1992,,Josh Hutcherson,,100288,TRUE,988,758
Torres,,Fernando Torres,,102494,TRUE,503,124
amrwaked,,Amr Waked,,100141,TRUE,781,780
bomanirani,,Boman Irani,,104137,TRUE,835,451
lenadunham,,Lena Dunham,,104534,TRUE,603,475
assihallani,,Assi Hallani,,100739,TRUE,106,453
LeighFrancis,,Leigh Francis,,108790,TRUE,150,197
williecolon,,Willie Colón,,100785,TRUE,675,191
7sainaljassmi,,Aljassmi حسين الجسمي,,100102,TRUE,688,406
FLOTUS,,The First Lady,,103479,TRUE,426,842
eseryenenler,,Eser YENENLER,,106558,TRUE,271,724
theweeknd,,The Weeknd,,106149,TRUE,738,32
PearlJam,,Pearl Jam,,107881,TRUE,833,79
AllRiseSilver,,Dalnim,,100694,TRUE,139,817
ShawnMichaels,,Shawn Michaels,,102297,TRUE,548,548
shitmydadsays,,Justin,,103825,TRUE,815,575
TheVampsband,,The Vamps,,104934,TRUE,735,783
IAmSteveHarvey,,Steve Harvey,,101493,TRUE,514,72
ABdeVilliers17,,AB de Villiers,,102840,TRUE,133,406
ErinAndrews,,Erin Andrews,,102940,TRUE,809,584
OscarFilho,,Oscar Filho,,107923,TRUE,870,789
sardesairajdeep,,Rajdeep Sardesai,,102468,TRUE,508,553
wilw,,Wil SCREAMton,,102002,TRUE,307,468
prattprattpratt,,chris pratt,,104341,TRUE,543,702
itsgabrielleu,,Gabrielle Union,,106728,TRUE,967,751
sertaberener,,Sertab Erener,,104802,TRUE,209,22
sonunigam,,Sonu Nigam,,102762,TRUE,195,780
lnsaneTweets,,Can u not,,101404,TRUE,787,130
Jason_Aldean,,Jason Aldean,,106970,TRUE,400,19
MikaSingh,,King Mika Singh,,103264,TRUE,679,103
ChrisEvans,,Chris Evans,,108597,TRUE,730,254
tonyhsieh,,Zappos.com CEO -Tony,,106714,TRUE,990,642
matsu_bouzu,,松本人志,,101765,TRUE,533,519
jimmyeatworld,,Jimmy Eat World,,100044,TRUE,439,406
MarkWright_,,Mark Wright,,104797,TRUE,353,333
cher,,Cher  ,,107646,TRUE,708,323
Alyssa_Milano,,Alyssa Milano,,102152,TRUE,550,117
LisaSurihani,,Lisa Surihani,,106199,TRUE,835,806
lorenzojova,,Lorenzo Jovanotti,,102561,TRUE,581,369
ThatKevinSmith,,KevinSmith,,106735,TRUE,314,8
MarioGoetze,,Mario Götze,,100039,TRUE,406,91
BDUTT,,barkha dutt,,107245,TRUE,645,415
thebeatles,,The Beatles,,105684,TRUE,603,114
kasimf,,فيصل القاسم,,108021,TRUE,319,240
SintoniaVerso,,Sintonia Verso,,102405,TRUE,231,93
Javier_Alatorre,,Javier Alatorre,,101023,TRUE,331,390
AxelOficial,,Axel,,104358,TRUE,210,407
KadimAlSahirORG,,كاظم الساهر,,107605,TRUE,625,149
Niltakipte,,Nil Karaibrahimgil,,101457,TRUE,440,239
MagicJohnson,,Earvin Magic Johnson,,106203,TRUE,110,255
BSchweinsteiger,,Basti Schweinsteiger,,103467,TRUE,675,293
KP24,,Kevin Pietersen,,102324,TRUE,583,238
Buenafuente,,Andreu Buenafuente,,106745,TRUE,818,192
ashleesimpson,,Ashlee Simpson Ross,,102896,TRUE,799,412
pabloalboran,,Pablo Alborán,,107858,TRUE,843,65
SSantiagosegura,,Santiago Segura,,107986,TRUE,307,850
drdre,,Dr. Dre,,107570,TRUE,303,678
KatGraham,,Kat Graham,,103591,TRUE,605,181
elonmusk,,Elon Musk,,103367,TRUE,492,822
mark_wahlberg,,Mark Wahlberg,,105602,TRUE,247,504
desta80s,,Deddy Mahendra Desta,,108046,TRUE,572,833
MissyElliott,,Missy Elliott,,103467,TRUE,863,823
PointlessBlog,,Alfie Deyes,,104158,TRUE,843,530
mariagadu,,Maria Gadú,,105356,TRUE,959,302
solennheussaff,,Solenn Heussaff,,101400,TRUE,206,456
DennyCagur,,Denny Cagur ,,106320,TRUE,586,607
Podolski10,,Lukas-Podolski.com,,107266,TRUE,373,169
ImRo45,,Rohit Sharma ,,107146,TRUE,696,10
macklemore,,Macklemore,,104285,TRUE,898,555
willylevy29,,william levy,,101178,TRUE,354,691
TheRealMikeEpps,,Mike Epps,,102384,TRUE,655,322
tarkan,,Tarkan,,107529,TRUE,550,700
10neto,,Craque Neto 10,,102753,TRUE,298,87
cadieckmann,,carolina dieckmann,,103021,TRUE,111,174
FannyLu,,Fanny Lu,,102353,TRUE,219,47
thekillers,,The Killers,,108757,TRUE,788,46
markhoppus,,Dadcula,,105033,TRUE,591,525
haashoficial,,Ha*Ash,,102695,TRUE,315,736
germanpaoloski,,German Paoloski,,106393,TRUE,439,555
LizGillies,,Elizabeth Gillies,,103167,TRUE,553,292
ActorLeeMinHo,,Lee Min Ho,,104280,TRUE,609,445
notch,,Markus Persson,,106118,TRUE,798,144
YALINonline,,Yalın,,104266,TRUE,349,840
radioleary,,Dermot O'Leary,,102874,TRUE,428,342
Elovera22,,Emilio Lovera,,107751,TRUE,175,616
russwest44,,Russell Westbrook,,108190,TRUE,890,580
henrylau89,,Henry Lau,,102856,TRUE,918,567
Trevornoah,,Trevor Noah,,107667,TRUE,314,632
OneRepublic,,OneRepublic,,101145,TRUE,584,54
rampalarjun,,arjun rampal,,104740,TRUE,692,738
officialJKT48,,official JKT48,,101122,TRUE,576,39
TheFarahKhan,,Farah Khan,,105816,TRUE,309,124
RyanSheckler,,Ryan Sheckler,,103043,TRUE,106,168
vazqueznico,,Nicolas Vazquez,,100624,TRUE,846,805
hardwick,,Chris Hardwick,,108486,TRUE,966,704
AlvaroMorata,,Álvaro Morata,,105034,TRUE,522,614
kerrywashington,,kerry washington,,102963,TRUE,183,800
cortezrafa,,Rafael Cortez,,106116,TRUE,842,216
marceloadnet0,,Marcelo Adnet,,100499,TRUE,274,647
Omar_Almulhem,,عمر الملحم,,106866,TRUE,878,580
BethanyMota,, Bethany Mota ∞ ,,100835,TRUE,995,637
Thiago6,,Thiago Alcantara,,104735,TRUE,687,107
TheCarlosPena,,Carlos PenaVega,,108899,TRUE,712,518
AlfredoFlores,,Alfredo Flores,,103561,TRUE,581,738
jackgilinsky,,Jack Gilinsky,,104810,TRUE,815,556
CAROLE_SAMAHA,,CAROLE SAMAHA,,107115,TRUE,161,565
TonyRobbins,,Tony Robbins,,105200,TRUE,794,781
carocruzosorio,,Carolina Cruz Osorio,,103992,TRUE,605,854
GaryValenciano1,,GARY VALENCIANO,,108958,TRUE,909,372
KendraWilkinson,,Kendra Wilkinson,,106218,TRUE,860,471
4everBrandy,,The Next Brandy,,102864,TRUE,235,743
GordonRamsay,,Gordon Ramsay,,106030,TRUE,801,96
henrygayle,,Chris Gayle,,102617,TRUE,976,118
SeppBlatter,,Joseph S Blatter,,107090,TRUE,208,202
fucktyler,,"Tyler, The Creator",,104439,TRUE,894,677
kenandogulu,,Kenan Doğulu,,108614,TRUE,134,205
McIlroyRory,,Rory Mcilroy,,107753,TRUE,226,225
Garik2000,,Гарик Харламов,,103876,TRUE,876,288
gisel_la,,Gisella Anastasia,,108146,TRUE,751,169
RealPaulWalker,,Paul Walker,,102427,TRUE,383,524
YASSER_Q_Y20,,YASSER.S.ALQAHTANI,,108071,TRUE,368,499
FarrukoPR,,Farruko,,108687,TRUE,546,477
jhongsample,,Jhong hilario,,106171,TRUE,105,387
drangelocarbone,,Dr. Angelo Carbone,,103719,TRUE,185,680
Flordelav,,Flor De La Ve,,102141,TRUE,317,38
IanMcKellen,,Ian McKellen,,100161,TRUE,297,566
XianLimm,,XIAN LIM,,103961,TRUE,722,672
SamNasri19,,Samir Nasri Official,,108112,TRUE,806,435
zairana,,Zaira Nara,,100328,TRUE,336,462
DeepakChopra,,Deepak Chopra,,105548,TRUE,589,303
kingsthings,,Larry King,,106167,TRUE,646,67
Anggun_Cipta,,Anggun Official,,100687,TRUE,480,611
icecube,,Ice Cube,,101275,TRUE,682,514
LaraDutta,,Lara Dutta Bhupathi,,106809,TRUE,974,557
DAVID_LYNCH,,David Lynch,,108749,TRUE,611,812
LAAZCARATE,,ALEJANDRA AZCÁRATE,,106139,TRUE,369,427
jeremypiven,,Jeremy Piven,,103171,TRUE,844,366
FifthHarmony,,Fifth Harmony,,100395,TRUE,630,562
feliciaday,,Felicia Day,,102595,TRUE,389,789
ShraddhaKapoor,,Shraddha Kapoor,,108561,TRUE,236,295
TurkiAldakhil,,#تركي_الدخيل,,102564,TRUE,750,156
biz,,Biz Stone,,104079,TRUE,898,559
OscarDLeon,,Oscar D' Leon,,108811,TRUE,851,828
TomDaley1994,,Tom Daley,,100283,TRUE,123,340
chriscolfer,,Chris Colfer,,100630,TRUE,537,158
TheRealAC3,,Ashley Cole,,107925,TRUE,797,558
IAmJericho,,Chris Jericho,,102217,TRUE,535,192
JackJackJohnson,,Jack Johnson,,100702,TRUE,818,94
Dbolina,,Dani Bolina,,104308,TRUE,390,545
JoeyGraceffa,,Joey Graceffa,,100483,TRUE,877,240
Joe_Sugg,,Joe Sugg,,106939,TRUE,454,454
katedelcastillo,,kate del castillo,,106348,TRUE,429,225
masason,,孫正義,,105503,TRUE,523,794
aaronpaul_8,,Aaron Paul,,103036,TRUE,228,662
MannyPacquiaoTR,,Manny Pacquiao,,104473,TRUE,453,828
MsLaurenLondon,,Lauren London,,108515,TRUE,691,783
PaulMcCartney,,Paul McCartney,,107153,TRUE,810,662
rossR5,,Ross Lynch,,102625,TRUE,765,211
TheMandyMoore,,Mandy Moore,,108652,TRUE,703,19
adamlambert,,ADAM LAMBERT,,107841,TRUE,880,535
anandmahindra,,anand mahindra,,105574,TRUE,192,846
BillNye,,Bill Nye,,106785,TRUE,628,634
OlaAlfares,,♛ ᴏʟᴀ ᴀʟғᴀʀᴇs ♛﹟HKJ,,107839,TRUE,459,68
showimah,,Soimah,,105197,TRUE,283,545
greysonchance,,Greyson Chance,,107699,TRUE,935,216
JimGaffigan,,Jim Gaffigan,,101273,TRUE,861,881
DENISE_RICHARDS,,Denise Richards,,108098,TRUE,541,169
stephenasmith,,Stephen A Smith,,107319,TRUE,294,171
RichardHammond,,Richard Hammond,,108814,TRUE,584,226
ristomejide,,Risto Mejide,,103983,TRUE,808,838
iqbaale,,IqbaalDhiafakhri-IDR,,101061,TRUE,335,809
ThisisDavina,,Davina McCall,,100623,TRUE,170,827
D_Ospina1,,David Ospina,,100989,TRUE,563,369
emreaydin,,Emre Aydın,,106547,TRUE,172,668
raphaelvarane,,Raphaël Varane,,105634,TRUE,434,687
JAlvarezFlow,,J Alvarez Flow,,100225,TRUE,874,576
xtianbautista,,Christian Bautista,,102755,TRUE,919,97
carterreynolds,,Carter Reynolds,,105205,TRUE,763,585
KyrieIrving,,Kyrie Irving,,106162,TRUE,917,88
YosriFouda,,Yosri Fouda,,103207,TRUE,465,689
iloveruffag,,Ruffa Gutierrez,,103667,TRUE,320,617
jccaylen,,☁︎jc,,108083,TRUE,447,726
shymofficiel,,Shy'm,,105346,TRUE,338,715
Bourdain,,Anthony Bourdain,,103143,TRUE,710,724
RachelZoe,,Rachel Zoe,,107413,TRUE,204,867
djkhaled,,DJ KHALED,,100464,TRUE,461,745
angelicavale,,Angelica Vale,,104378,TRUE,138,527
jasonsegel,,Jason Segel,,105083,TRUE,294,331
dhikacungkring,,andhika pratama,,103336,TRUE,893,622
robbiewilliams,,Robbie Williams,,103281,TRUE,770,111
MrJamesMay,,James May,,104903,TRUE,924,556
ImZaheer,,zaheer khan,,103468,TRUE,333,416
lottietommo,,Lottie Tomlinson,,104638,TRUE,861,614
JackHarries,,Jackson Harries,,102510,TRUE,697,158
wandaicardi,,Wanda Icardi,,103081,TRUE,946,842
HeffronDrive,,Kendall Schmidt,,100619,TRUE,456,402
anakarylle,,karylletatlonghari,,101562,TRUE,657,250
elmorenomichael,,EL MORENO MICHAEL,,108669,TRUE,892,694
JeremyBieber,,Jeremy Bieber,,103249,TRUE,872,41
NathanKress,,Nathan Kress,,102067,TRUE,591,654
HARDWELL,,Hardwell,,105129,TRUE,523,290
Charlottegshore,,Charlotte Crosby,,105086,TRUE,166,183
sarseh,,sarah sechan,,103381,TRUE,920,294
Hadise,,HADISE ACIKGOZ,,108581,TRUE,934,721
S1dharthM,,Sidharth Malhotra,,104879,TRUE,249,359
Cyrilhanouna,,Cyril Hanouna,,106019,TRUE,628,694
twhiddleston,,Tom Hiddleston,,108850,TRUE,469,102
superstarrajini,,Rajinikanth,,107551,TRUE,413,312
manaoficial,,Maná,,107436,TRUE,527,481
CMPunk,,Coach,,101498,TRUE,665,852
MarcusButler,,Marcus Butler,,104863,TRUE,279,630
kojiharunyan,,小嶋 陽菜,,107809,TRUE,241,268
andrescepeda,,Andrés Cepeda,,103955,TRUE,419,334
pattonoswalt,,Patton Oswalt,,103054,TRUE,590,197
TripleH,,Triple H,,108504,TRUE,106,136
JodiStaMaria,,Jodi Sta.Maria,,106156,TRUE,113,785
sebastianrulli,,Sebastian Rulli,,104910,TRUE,944,429
carlosbaute,,Carlos Baute,,102065,TRUE,505,330
AudrinaPatridge,,Audrina Patridge,,107014,TRUE,573,268
dannapaola,,Danna Paola,,104651,TRUE,683,240
siyovushdustov,,Siyovush Dustov,,105492,TRUE,771,417
KattPackAllDay,,Katt Williams,,102889,TRUE,803,863
k_alshenaif,,خالد الشنيف,,101339,TRUE,440,116
officialpepe,,Pepe,,107435,TRUE,236,810
LeventUzumcu,,Levent Üzümcü,,103412,TRUE,587,495
ladyantebellum,,Lady Antebellum,,101629,TRUE,440,142
nxzerooficial,,NX Zero,,106937,TRUE,159,744
ShaneWarne,,Shane Warne,,106098,TRUE,655,122
AdnanAlarour,,عدنان العرعور,,106252,TRUE,367,714
Dynamomagician,,Dynamo,,105773,TRUE,194,432
booba,,Booba,,107040,TRUE,820,340
MustafaHosny,,Mustafa Hosny,,104611,TRUE,968,368
FrencHMonTanA,,French Montana,,108434,TRUE,262,896
KeithUrban,,Keith Urban,,104356,TRUE,120,852
xuxameneghel,,Xuxa.com,,100509,TRUE,296,484
cala,,Ismael Cala,,103923,TRUE,179,752
mariko_dayo,,篠田麻里子,,106643,TRUE,883,130
danimartinezweb,,Dani Martínez,,102680,TRUE,626,584
NajwaShihab,,Najwa Shihab,,102135,TRUE,857,332
AdalRamones,,Adal Ramones,,107839,TRUE,333,637
Ferrynimous,,Ferry Yolanda F,,105470,TRUE,620,109
belalfadl,,Belal Fadl,,104925,TRUE,787,685
OficialGio,,Giovani Dos Santos,,103362,TRUE,270,697
MikeVick,,Mike Vick,,101494,TRUE,428,571
woodyinho,,Marco Reus,,108418,TRUE,188,60
bobsaget,,bob saget,,104061,TRUE,478,225
TomFelton,,Tom Felton,,108891,TRUE,454,582
MrsSOsbourne,,Sharon Osbourne,,106336,TRUE,143,307
MartinGarrix,,MARTIN GARRIX,,100821,TRUE,998,274
SteveNash,,Steve Nash,,100830,TRUE,918,546
omeshomesh,,ananda omesh,,104435,TRUE,488,666
jotaquest,,Jota Quest Oficial,,101259,TRUE,346,34
mariashriver,,Maria Shriver,,100506,TRUE,621,771
esmuellert_,,Thomas Müller,,108468,TRUE,620,607
AlKohler7KEPO,,Al Ghazali Kohler,,102764,TRUE,370,721
Yusuf_Mansur,,Yusuf Mansur,,108268,TRUE,304,339
VincentKompany,,Vincent Kompany,,106942,TRUE,632,716
williebosshog,,Willie Robertson,,103376,TRUE,441,556
Stromae,,Stromae,,101657,TRUE,738,570
neilhimself,,Neil Gaiman,,104296,TRUE,233,128
MoezMasoud,,Moez Masoud,,101184,TRUE,991,860
DavidSpade,,David Spade,,108155,TRUE,532,187
PaulaAbdul,,Paula Abdul,,102865,TRUE,429,245
WWEDanielBryan,,Daniel Bryan,,107049,TRUE,285,447
drose,,Derrick Rose,,107767,TRUE,843,196
Fabio_Coentrao,,Fabio Coentrao,,100529,TRUE,453,660
ayseozyilmazel,,ayse ozyilmazel,,103220,TRUE,987,255
alo_oficial,,Fernando Alonso,,102922,TRUE,848,165
RebelWilson,,Rebel Wilson,,106770,TRUE,605,361
michaelbuble,,Michael Bublé,,102400,TRUE,992,314
robertmarion,,Robi Domingo,,103059,TRUE,321,894
bonnovanderputt,,bonno van der putten,,103252,TRUE,858,118
sgokbakar,,Şahan Gökbakar,,100925,TRUE,748,264
smoshanthony,,Anthony Padilla,,102643,TRUE,227,389
luke_brooks,,Luke Brooks,,103226,TRUE,268,730
depechemode,,Depeche Mode,,103098,TRUE,847,654
amyschumer,,Amy Schumer,,102810,TRUE,813,238
CraigyFerg,,Craig Ferguson,,104606,TRUE,930,558
FatinSL,,Fatin Shidqia Lubis,,107757,TRUE,151,693
mnzadornov,,Михаил Задорнов,,104396,TRUE,337,874
ayushmannk,,Ayushmann Khurrana,,108895,TRUE,382,709
BIRDMAN5STAR,,BIRDMAN,,104099,TRUE,243,842
danisuzuki,,Dani Suzuki,,104179,TRUE,357,779
kylieminogue,,kylie minogue,,100436,TRUE,720,704
Zedd,,Zedd,,108851,TRUE,618,753
SleepintheGardn,,Troian,,100570,TRUE,824,347
therealjuicyj,,juicy j,,101686,TRUE,845,553
manugavassi,,Manu Gavassi,,108999,TRUE,395,432
soujorge,,Seu Jorge,,102750,TRUE,630,190
